{"action_space":"continous","cliprange":0.18185213208198547,"cliprange_vf":-1.0,"ent_coef":0.0,"gamma":0.9900000095367432,"lam":0.949999988079071,"learning_rate":0.0001223471772391349,"max_grad_norm":0.5,"model_filename":"./exp/ppo_cpp/resources/resuming/ppo_cpp_[4_5]_lr_0.0001_cr_0.1819_ent_0.0000.meta.txt","n_envs":1,"n_steps":32768,"nminibatches":32,"noptepochs":10,"obs_rms":{"mean":[0.125,-0.28029191493988037,0.0674835816025734,0.1273871809244156,-0.2281481921672821,0.14498364925384521,-0.1295851767063141,-0.1910993456840515,-0.1896100640296936,-0.21720127761363983,-0.15514129400253296,0.06956377625465393,0.009555071592330933,-0.20840269327163696,0.13255782425403595,0.08378579467535019,-0.2159130573272705,-0.06250136345624924],"var":[0.031999628990888596,0.03728649392724037,0.015626687556505203,0.0188545323908329,0.018318692222237587,0.026553133502602577,0.019083378836512566,0.016848379746079445,0.019604157656431198,0.0372864194214344,0.011301057413220406,0.020364508032798767,0.015668349340558052,0.018685461953282356,0.019242750480771065,0.019084904342889786,0.037818554788827896,0.018644306808710098]},"observation_space":"continous","ret_rms":{"mean":[0.7908074259757996],"var":[0.07459374517202377]},"vf_coef":0.5,"reset_noise_scale": 0.0}